-- phpMyAdmin SQL Dump
-- version 4.6.5.2
-- https://www.phpmyadmin.net/
--
-- Máy chủ: 127.0.0.1
-- Thời gian đã tạo: Th12 08, 2017 lúc 01:23 CH
-- Phiên bản máy phục vụ: 10.1.21-MariaDB
-- Phiên bản PHP: 5.6.30

SET SQL_MODE = "NO_AUTO_VALUE_ON_ZERO";
SET time_zone = "+00:00";


/*!40101 SET @OLD_CHARACTER_SET_CLIENT=@@CHARACTER_SET_CLIENT */;
/*!40101 SET @OLD_CHARACTER_SET_RESULTS=@@CHARACTER_SET_RESULTS */;
/*!40101 SET @OLD_COLLATION_CONNECTION=@@COLLATION_CONNECTION */;
/*!40101 SET NAMES utf8mb4 */;

--
-- Cơ sở dữ liệu: `ltm_quiz`
--

-- --------------------------------------------------------

--
-- Cấu trúc bảng cho bảng `answers`
--

CREATE TABLE `answers` (
  `id` int(10) UNSIGNED NOT NULL,
  `content` text COLLATE utf8_unicode_ci NOT NULL,
  `id_ques` int(10) UNSIGNED NOT NULL,
  `true_or_false` int(1) NOT NULL COMMENT '1 la dung, 0 la sai'
) ENGINE=InnoDB DEFAULT CHARSET=utf8 COLLATE=utf8_unicode_ci;

--
-- Đang đổ dữ liệu cho bảng `answers`
--

INSERT INTO `answers` (`id`, `content`, `id_ques`, `true_or_false`) VALUES
(1, '4', 1, 0),
(2, '2', 1, 1),
(3, 'InputStream và OutputStream là hai luồng dữ liệu kiểu byte', 2, 0),
(4, 'Reader và Writer là hai luồng dữ liệu kiểu character', 2, 0),
(5, 'Cả hai đều đúng.', 2, 1),
(6, 'Tất cả đều sai', 2, 0),
(7, '2 bytes', 3, 0),
(8, '4 bytes.', 3, 1),
(9, '8 bytes', 3, 0),
(10, '16 bytes', 3, 0),
(11, '(1) Một thể hiện của lớp File có thể được dùng để truy cập các tập tin trong thư mục hiện hành', 4, 0),
(12, '(2) Khi một thể hiện của lớp File được tạo ra thì một tập tin tương ứng cũng được tạo ra trên đĩa', 4, 0),
(13, '(3) Các thể hiện của lớp File được dùng để truy cập đến các tập tin và thư mục trên đĩa', 4, 0),
(14, 'Câu (1) và (3) đúng', 4, 1),
(15, 'Sử dụng phương thức createReader() của lớp InputStream', 5, 0),
(16, 'Sử dụng phương thức createReader() của lớp InputStreamReader', 5, 0),
(17, 'Tạo một thể hiện của InputStream rồi truyền vào cho hàm khởi tạo của InputStreamReader ', 5, 1),
(18, 'Tất cả các câu trên đều sai', 5, 0),
(19, '(1) Lớp Writer có thể được dùng để ghi các ký tự có cách mã hóa khác nhau ra luồng xuất', 6, 0),
(20, '(2) Lớp Writer có thể được dùng để ghi các ký tự Unicode ra luồng xuất', 6, 0),
(21, '](3) Lớp Writer có thể được dùng để ghi giá trị các kiểu dữ liệu cơ sở ra luồng xuất', 6, 0),
(22, 'Câu (1) và (2) đúng', 6, 1),
(23, 'Các event listeners là các interface qui định các phương thức cần phải cài đặt để xử lý các sự kiện liên quan khi sự kiện đó xảy ra', 7, 0),
(24, 'Một event adapter là một cung cấp các cài đặt mặc định cho các event listener tương ứng', 7, 0),
(25, 'Lớp WindowAdapter được dùng để xử lý các sự kiện liên quan đến cửa sổ màn hình', 7, 0),
(26, 'Tất cả các câu đều đúng', 7, 1),
(27, 'Component đầu tiên được gắn bộ lắng nghe', 8, 0),
(28, 'Component cuối cùng được gắn bộ lắng nghe', 8, 0),
(29, 'Không thể xác định component nào sẽ nhận trước', 8, 1),
(30, 'Không thể có nhiều hơn một bộ lắng nghe cho cùng một loại sự kiện', 8, 0),
(31, 'Button', 9, 1),
(32, 'Label', 9, 0),
(33, 'Checkbox', 9, 0),
(34, 'Windows', 9, 0),
(35, '(1) Thể hiện của TextField có thể phát sinh ActionEvent', 10, 0),
(36, '(2) Thể hiện của TextArea có thể phát sinh ActionEvent', 10, 0),
(37, '(3) Thể hiện của Button có thể phát sinh ActionEvent', 10, 0),
(38, 'Câu (1) và (3) đúng', 10, 1),
(39, 'MouseListener interface định nghĩa các phương thức để xử lý sự kiện nhấn chuột', 11, 1),
(40, 'MouseMotionListener interface định nghĩa các phương thức để xử lý sự kiện nhấn chuột', 11, 0),
(41, 'MouseClickListener interface định nghĩa các phương thức để xử lý sự kiện nhấn chuột', 11, 0),
(42, 'Tất các các câu trên đều đúng', 11, 0),
(43, 't.addTextListener(e)', 12, 0),
(44, '3.addTextListener(t)', 12, 0),
(45, 'addTextListener(e,t)', 12, 0),
(46, 'addTextListener(t,e)', 12, 1),
(47, 'addTop(cont,comp)', 13, 1),
(48, 'comp.add(\"North\",cont)', 13, 0),
(49, 'cont.addTop(comp)', 13, 0),
(50, 'cont.add(comp,BorderLayout.NORTH)', 13, 0),
(51, 'cont.add(comp)', 14, 1),
(52, 'comp.add(cont)', 14, 0),
(53, 'cont.addComponent(comp)', 14, 0),
(54, 'cont.addAllComponents()', 14, 0),
(55, 'startLayout()', 15, 0),
(56, 'initLayout()', 15, 0),
(57, 'layoutContainer()', 15, 0),
(58, 'setLayout()', 15, 1),
(59, 'teenage ', 16, 0),
(60, 'tennis ', 16, 0),
(61, 'forty ', 16, 0),
(62, 'listen', 16, 1),
(63, ' worked', 17, 0),
(64, ' washed', 17, 0),
(65, ' hated', 17, 1),
(66, 'stopped', 17, 0),
(67, ' reader', 18, 0),
(68, 'teacher', 18, 0),
(69, ' pleasant', 18, 1),
(70, ' treatment', 18, 0),
(71, ' hour', 19, 1),
(72, ' heart ', 19, 0),
(73, ' hope ', 19, 0),
(74, 'health', 19, 0),
(75, 'colour', 20, 0),
(76, 'love', 20, 0),
(77, 'come ', 20, 0),
(78, 'column', 20, 1),
(79, 'were selected', 21, 1),
(80, 'are selected ', 21, 0),
(81, 'selected', 21, 0),
(82, 'select', 21, 0),
(83, 'housework ', 22, 1),
(84, 'housewife ', 22, 0),
(85, 'hometown', 22, 0),
(86, 'homework ', 22, 0),
(87, 'with ', 23, 0),
(88, 'for ', 23, 1),
(89, 'on', 23, 0),
(90, 'at ', 23, 0),
(91, 'so ', 24, 1),
(92, 'but', 24, 0),
(93, 'because', 24, 0),
(94, 'or ', 24, 0),
(95, 'in', 25, 0),
(96, 'on ', 25, 0),
(97, 'with ', 25, 0),
(98, 'of', 25, 1),
(99, 'About 15 minutes', 26, 1),
(100, 'About 2 kilometres', 26, 0),
(101, '15 pounds ', 26, 0),
(102, '2 years ago ', 26, 0),
(103, 'give up ', 27, 1),
(104, 'stay up ', 27, 0),
(105, 'get up ', 27, 0),
(106, 'grow up', 27, 0),
(107, 'was', 28, 0),
(108, 'will be ', 28, 1),
(109, 'to be', 28, 0),
(110, 'be ', 28, 0),
(111, 'What’s the matter with you? ', 29, 1),
(112, 'What do you have? ', 29, 0),
(113, 'What’s your hobby? ', 29, 0),
(114, 'What do you have in your head? ', 29, 0),
(115, 'was writing', 30, 0),
(116, ' is writing', 30, 1),
(117, 'will write ', 30, 0),
(118, 'wrote', 30, 0),
(119, 'more fluently', 31, 1),
(120, 'most fluently', 31, 0),
(121, 'fluently ', 31, 0),
(122, 'as fluently ', 31, 0),
(123, 'employed ', 32, 0),
(124, ' unemployed ', 32, 0),
(125, 'employ', 32, 0),
(126, 'unemployment ', 32, 1),
(127, 'to telling ', 33, 0),
(128, 'to tell ', 33, 0),
(129, 'telling ', 33, 1),
(130, 'tell ', 33, 0),
(131, 'to reading ', 34, 0),
(132, 'to read ', 34, 1),
(133, 'read', 34, 0),
(134, 'reading ', 34, 0),
(135, 'have taken ', 35, 0),
(136, 'will take', 35, 0),
(137, 'would take ', 35, 1),
(138, 'take ', 35, 0),
(139, 'buried', 36, 0),
(140, 'busy', 36, 0),
(141, 'absorbed', 36, 1),
(142, 'helping', 36, 0),
(143, 'take', 37, 0),
(144, 'except', 37, 0),
(145, 'agree', 37, 0),
(146, 'accept', 37, 1),
(147, 'Following', 38, 0),
(148, 'According to', 38, 1),
(149, 'Hearing', 38, 0),
(150, 'meaning', 38, 0),
(151, 'nevertheless', 39, 0),
(152, 'accordingly', 39, 1),
(153, 'yet', 39, 0),
(154, 'eventually', 39, 0),
(155, 'account', 40, 1),
(156, 'tale', 40, 0),
(157, 'communication', 40, 0),
(158, 'plot', 40, 0),
(159, 'possession', 41, 0),
(160, 'account', 41, 1),
(161, 'mind', 41, 0),
(162, 'scale', 41, 0),
(163, 'charged', 42, 0),
(164, 'accused', 42, 1),
(165, 'blamed', 42, 0),
(166, 'arrested', 42, 0),
(167, 'pain', 43, 0),
(168, 'harm', 43, 0),
(169, 'be hurt', 43, 0),
(170, 'ache', 43, 1),
(171, 'add', 44, 1),
(172, 'combine', 44, 0),
(173, 'unite', 44, 0),
(174, 'bank', 44, 0),
(175, 'energy', 45, 0),
(176, 'admiration', 45, 1),
(177, 'surprise', 45, 0),
(178, 'pride', 45, 0),
(179, 'permits', 46, 0),
(180, 'enters', 46, 0),
(181, 'delivers', 46, 0),
(182, 'admits', 46, 1),
(183, 'choose', 47, 0),
(184, 'adopt', 47, 1),
(185, 'undertake', 47, 0),
(186, 'collect', 47, 0),
(187, 'elect', 48, 0),
(188, 'command', 48, 0),
(189, 'vote', 48, 0),
(190, 'adopt', 48, 1),
(191, 'motions', 49, 0),
(192, 'advances', 49, 1),
(193, 'advantages', 49, 0),
(194, 'opportunities', 49, 0),
(195, 'advantage', 50, 1),
(196, 'deal', 50, 0),
(197, 'value', 50, 0),
(198, 'profit', 50, 0),
(199, 'an experiment', 51, 0),
(200, 'an adventure', 51, 1),
(201, 'a happening', 51, 0),
(202, 'an affair', 51, 0),
(203, 'advertisements', 52, 1),
(204, 'publicity', 52, 0),
(205, 'announcements', 52, 0),
(206, 'publication', 52, 0),
(207, 'pretend', 53, 0),
(208, 'elect', 53, 0),
(209, 'afford', 53, 1),
(210, 'adopt', 53, 0),
(211, 'admitted', 54, 0),
(212, 'accepted', 54, 0),
(213, 'agreed', 54, 1),
(214, 'approved', 54, 0),
(215, 'alike', 55, 1),
(216, 'same', 55, 0),
(217, 'likely', 55, 0),
(218, 'identical', 55, 0),
(219, 'combination', 56, 0),
(220, 'alliance', 56, 1),
(221, 'partnership', 56, 0),
(222, 'union', 56, 0),
(223, 'salary', 57, 0),
(224, 'permission', 57, 0),
(225, 'allowance', 57, 1),
(226, 'wage', 57, 0),
(227, 'borne', 58, 0),
(228, 'allowed', 58, 1),
(229, 'admitted', 58, 0),
(230, 'passed', 58, 0),
(231, 'study', 59, 0),
(232, 'ambition', 59, 1),
(233, 'imagination', 59, 0),
(234, 'direction', 59, 0),
(235, 'account', 60, 0),
(236, 'amount', 60, 1),
(237, 'number', 60, 0),
(238, 'size', 60, 0),
(239, 'analgesic', 61, 0),
(240, 'antibiotic', 61, 0),
(241, 'antiseptic', 61, 0),
(242, 'antidote', 61, 1),
(243, 'worried', 62, 0),
(244, 'curious', 62, 0),
(245, 'anxious', 62, 1),
(246, 'troubled', 62, 0),
(247, 'excuse', 63, 0),
(248, 'apologize', 63, 1),
(249, 'punish', 63, 0),
(250, 'confess', 63, 0),
(251, 'apparently', 64, 1),
(252, 'evidently', 64, 0),
(253, 'obviously', 64, 0),
(254, 'actually', 64, 0),
(255, 'appeal', 65, 1),
(256, 'call', 65, 0),
(257, 'programme', 65, 0),
(258, 'advertisement', 65, 0),
(259, 'arise', 66, 1),
(260, 'come', 66, 0),
(261, 'rise', 66, 0),
(262, 'happen', 66, 0),
(263, 'manage', 67, 0),
(264, 'arrange', 67, 1),
(265, 'take', 67, 0),
(266, 'have', 67, 0),
(267, 'caught', 68, 0),
(268, 'searched', 68, 0),
(269, 'brought', 68, 0),
(270, 'arrested', 68, 1),
(271, 'came', 69, 0),
(272, 'reached', 69, 0),
(273, 'arrived', 69, 1),
(274, 'got', 69, 0),
(275, 'article', 70, 1),
(276, 'advertisement', 70, 0),
(277, 'composition', 70, 0),
(278, 'explanation', 70, 0),
(279, 'assist', 71, 0),
(280, 'frequent', 71, 0),
(281, 'attend', 71, 1),
(282, 'present', 71, 0),
(283, 'notice', 72, 0),
(284, 'attention', 72, 1),
(285, 'regards', 72, 0),
(286, 'reference', 72, 0),
(287, 'refreshing', 73, 0),
(288, 'general', 73, 0),
(289, 'average', 73, 1),
(290, 'greatest', 73, 0),
(291, 'leave', 74, 0),
(292, 'avoid', 74, 1),
(293, 'miss', 74, 0),
(294, 'overtake', 74, 0),
(295, 'woke', 75, 0),
(296, 'wake', 75, 0),
(297, 'awake', 75, 1),
(298, 'waken', 75, 0),
(299, 'axe', 76, 1),
(300, 'hammer', 76, 0),
(301, 'screw', 76, 0),
(302, 'knife', 76, 0),
(303, 'bargained', 77, 1),
(304, 'gardened', 77, 0),
(305, 'bearded', 77, 0),
(306, 'changed', 77, 0),
(307, 'think', 78, 0),
(308, 'bear', 78, 1),
(309, 'carry', 78, 0),
(310, 'hold', 78, 0),
(311, 'beating', 79, 1),
(312, 'tapping', 79, 0),
(313, 'knocking', 79, 0),
(314, 'striking', 79, 0),
(315, 'grown', 80, 0),
(316, 'developed', 80, 0),
(317, 'become', 80, 1),
(318, 'increased', 80, 0),
(319, 'done good', 81, 0),
(320, 'been made good', 81, 1),
(321, 'made me good', 81, 0),
(322, 'been for good', 81, 0),
(323, 'direct', 82, 0),
(324, 'behave', 82, 1),
(325, 'declare', 82, 0),
(326, 'compose', 82, 0),
(327, 'besides', 83, 1),
(328, 'except', 83, 0),
(329, 'beside', 83, 0),
(330, 'in place of', 83, 0),
(331, 'wet', 84, 0),
(332, 'bitter', 84, 1),
(333, 'salty', 84, 0),
(334, 'sour', 84, 0),
(335, 'blamed for', 85, 1),
(336, 'condemned for', 85, 0),
(337, 'accused of', 85, 0),
(338, 'criticized for', 85, 0),
(339, 'scars', 86, 0),
(340, 'bruises', 86, 0),
(341, 'blisters', 86, 1),
(342, 'spots', 86, 0),
(343, 'strong', 87, 0),
(344, 'bold', 87, 1),
(345, 'encouraged', 87, 0),
(346, 'bald', 87, 0),
(347, 'occupy', 88, 0),
(348, 'book', 88, 1),
(349, 'buy', 88, 0),
(350, 'preserve', 88, 0),
(351, 'edge', 89, 0),
(352, 'bar', 89, 0),
(353, 'border', 89, 1),
(354, 'division', 89, 0),
(355, 'borrow', 90, 1),
(356, 'lend', 90, 0),
(357, 'loan', 90, 0),
(358, 'let', 90, 0),
(359, 'basis', 91, 0),
(360, 'bottom', 91, 1),
(361, 'ground', 91, 0),
(362, 'depth', 91, 0),
(363, 'bounced', 92, 1),
(364, 'sprang', 92, 0),
(365, 'leapt', 92, 0),
(366, 'skipped', 92, 0),
(367, 'brakes', 93, 1),
(368, 'controls', 93, 0),
(369, 'gears', 93, 0),
(370, 'signals', 93, 0),
(371, 'seat', 94, 0),
(372, 'quarter', 94, 0),
(373, 'branch', 94, 1),
(374, 'piece', 94, 0),
(375, 'going', 95, 0),
(376, 'running', 95, 0),
(377, 'hitting', 95, 0),
(378, 'breaking', 95, 1),
(379, 'rearing', 96, 0),
(380, 'breeding', 96, 0),
(381, 'raising', 96, 0),
(382, 'bringing', 96, 1),
(383, 'broke away', 97, 1),
(384, 'broke out', 97, 0),
(385, 'broke through', 97, 0),
(386, 'broke down', 97, 0),
(387, 'broke off', 98, 0),
(388, 'broke down', 98, 1),
(389, 'broke out', 98, 0),
(390, 'broke in', 98, 0),
(391, 'raised up', 99, 0),
(392, 'borne up', 99, 0),
(393, 'brought up', 99, 1),
(394, 'put up', 99, 0),
(395, 'flooded', 100, 0),
(396, 'cheered', 100, 0),
(397, 'started', 100, 0),
(398, 'burst', 100, 1),
(399, 'burst', 101, 1),
(400, 'exploded', 101, 0),
(401, 'fell', 101, 0),
(402, 'melted', 101, 0),
(403, 'explode', 102, 0),
(404, 'crack', 102, 0),
(405, 'burst', 102, 1),
(406, 'overcrowd', 102, 0),
(407, 'merchants', 103, 0),
(408, 'dealers', 103, 0),
(409, 'businessmen', 103, 1),
(410, 'tradesmen', 103, 0),
(411, 'call for', 104, 0),
(412, 'call on ', 104, 0),
(413, 'call off', 104, 1),
(414, 'call out', 104, 0),
(415, 'came across', 105, 0),
(416, 'came by', 105, 0),
(417, 'came into', 105, 0),
(418, 'came out', 105, 1),
(419, 'channels', 106, 0),
(420, 'rivers', 106, 0),
(421, 'streams', 106, 0),
(422, 'canals', 106, 1),
(423, 'postpone', 107, 0),
(424, 'refuse', 107, 0),
(425, 'return', 107, 0),
(426, 'cancel', 107, 1),
(427, 'interested', 108, 0),
(428, 'inclined', 108, 0),
(429, 'able', 108, 0),
(430, 'capable', 108, 1),
(431, 'care', 109, 1),
(432, 'matter', 109, 0),
(433, 'disturb', 109, 0),
(434, 'depend', 109, 0),
(435, 'turn to', 110, 0),
(436, 'carry out', 110, 0),
(437, 'come on', 110, 0),
(438, 'carry on', 110, 1),
(439, 'receive', 111, 0),
(440, 'accept', 111, 0),
(441, 'listen', 111, 0),
(442, 'catch', 111, 1),
(443, 'convenient', 112, 1),
(444, 'suitable', 112, 0),
(445, 'comfortable', 112, 0),
(446, 'distant', 112, 0),
(447, 'right', 113, 0),
(448, 'exact', 113, 0),
(449, 'certain', 113, 1),
(450, 'formal', 113, 0),
(451, 'ring', 114, 0),
(452, 'belt', 114, 0),
(453, 'steel', 114, 0),
(454, 'chain', 114, 1),
(455, 'possibility', 115, 0),
(456, 'offer', 115, 0),
(457, 'chance', 115, 1),
(458, 'event', 115, 0),
(459, 'x = Float.parseFloat(\"0.123\");', 116, 1),
(460, 'i = Integer.parseInteger(\"123\");', 116, 0),
(461, 'y = Float.parseFloat(\"123\");', 116, 0),
(462, 'j = Integer.parseInt(\"123\");', 116, 0),
(463, '1', 117, 0),
(464, '0', 117, 1),
(465, 'null', 117, 0),
(466, 'Lỗi do chưa khởi tạo giá trị cho biến i', 117, 0),
(467, '0', 118, 1),
(468, '5', 118, 0),
(469, 'null', 118, 0),
(470, 'Lỗi : mảng anar được tham chiếu đến trước khi khởi tạo', 118, 0),
(471, 'byte [ ]', 119, 1),
(472, 'byte [ ]', 119, 0),
(473, 'int', 119, 0),
(474, 'Array', 119, 0),
(475, 'String st = new String();', 120, 0),
(476, 'String str2 = new String(\"Hello\");', 120, 0),
(477, 'String st = String();', 120, 1),
(478, 'String st = String();', 120, 0),
(479, '8', 121, 0),
(480, '10', 121, 1),
(481, '12', 121, 0),
(482, '15', 121, 0),
(483, 'Đoạn mã không biên dịch', 122, 0),
(484, 'Biên dịch thành côn và hiển thị kết quả \"String Version\"', 122, 1),
(485, 'Biên dịch thành côn và hiển thị kết quả \"Object Verion\"', 122, 0),
(486, 'Đoạn mã xảy ra ngoại lệ Exception khi thực hiện', 122, 0),
(487, 'Đưa ra ngoại lệ NullPointException', 123, 1),
(488, 'Sẽ in ra giá trị null', 123, 0),
(489, 'Sẽ không thực thi được chương trình', 123, 0),
(490, 'Sẽ in ra giá trị NULL', 123, 0),
(491, 'Lỗi Cú Pháp', 124, 0),
(492, 'Lỗi Cú Pháp', 124, 0),
(493, '100', 124, 1),
(494, '100.0', 124, 0),
(495, 'Biên dịch có lỗi và đưa ra lỗi \"Duplicate main() method declare\"', 125, 0),
(496, 'Biên dịch thành công nhưng sẽ đưa ra lỗi xảy ra ngoại lệ khi chạy', 125, 0),
(497, 'Biên dịch thành công và in ra màn hình \"In first main()\"', 125, 1),
(498, 'Biên dịch thành công và in ra màn hình \"a\"', 125, 0),
(499, 'Equal', 126, 1),
(500, 'Not Equal', 126, 0),
(501, 'Lỗi Biên Dịch', 126, 0),
(502, 'Lỗi Thực Thi', 126, 0),
(503, 'Integer.parseInt()', 127, 0),
(504, 'Float.parseFlt()', 127, 0),
(505, 'Double.parseDbl()', 127, 0),
(506, 'Double.parseDouble()', 127, 1),
(507, 'IOException', 128, 0),
(508, 'SocketException', 128, 0),
(509, 'UnknownHostException', 128, 1),
(510, 'UnknownPortException', 128, 0),
(511, '9', 129, 0),
(512, '9.0', 129, 0),
(513, '10', 129, 0),
(514, '10.0', 130, 1),
(515, '9', 130, 1),
(516, '9.0', 130, 0),
(517, '10', 130, 0),
(518, '10.0', 131, 0),
(519, 'Đúng', 131, 1),
(520, 'Sai', 131, 0),
(521, 'Đúng', 132, 0),
(522, 'Sai', 132, 1),
(523, 'String [ ]', 133, 0),
(524, 'float [ ]', 133, 0),
(525, 'byte [ ]', 133, 1),
(526, 'IOException', 133, 0),
(527, 'SocketException', 134, 1),
(528, 'UnknownHostException', 134, 0),
(529, 'UnknownPortException', 134, 0),
(530, 'Đúng', 135, 0),
(531, 'Sai', 135, 1),
(532, 'Đúng', 136, 1),
(533, 'Sai', 136, 0),
(534, 'java.io', 137, 0),
(535, 'java.lang', 137, 1),
(536, 'java.math', 137, 0),
(537, 'java.net', 137, 0),
(538, 'java.io', 138, 0),
(539, 'char', 138, 0),
(540, 'char', 138, 0),
(541, 'String', 138, 1),
(542, 'SocketException', 139, 0),
(543, 'IOException', 139, 1),
(544, 'UnknownHostException', 139, 0),
(545, 'UnknownPortException', 139, 0),
(546, 'Hello,', 140, 0),
(547, 'Truongbt', 140, 0),
(548, 'Hello, Truongbt', 140, 1),
(549, 'Lỗi biên dịch', 140, 0),
(550, 'import VN.*;', 141, 0),
(551, 'import VN.HN.TH.*;', 141, 0),
(552, 'package VN.HN.TH;', 141, 1),
(553, 'package VN.HN.TH.XL;', 141, 0),
(554, '1', 142, 0),
(555, '7', 142, 0),
(556, '8', 142, 1),
(557, 'Không có giá trị nào vì đoạn mã bị lỗi', 142, 0),
(558, 'ClassCastException', 143, 0),
(559, 'illegalStateException', 143, 0),
(560, 'NumberFormatException', 143, 1),
(561, 'ArrayIndexOutOfBoundsException', 143, 0),
(562, 'abstract int i;', 144, 0),
(563, 'native MyMethod();', 144, 0),
(564, 'default class MyClass {};', 144, 0),
(565, 'abstract final class MyClass {};', 144, 1),
(566, 'abstract final class MyClass {};', 145, 1),
(567, 'abstract final class MyClass {};', 145, 0),
(568, 'Một biến final chỉ có thể khai báo trong một lớp final', 145, 0),
(569, 'Một biến final tương tự như một biến static', 145, 0),
(570, 'int x = 9;', 146, 1),
(571, 'int y =!x;', 146, 0),
(572, 'double z = 9.00>>2', 146, 0),
(573, 'int i = ^7', 146, 0),
(574, 'Một phương thức final thì không thể Override', 147, 1),
(575, 'Một lớp có chứa phương thức final sẽ không cho phép thừa kế', 147, 0),
(576, 'Một biến final chỉ có thể khai báo trong một lớp final', 147, 0),
(577, 'Một biến final tương tự như một biến static', 147, 0),
(578, 'int x = 9;', 148, 1),
(579, 'int y =!x;', 148, 0),
(580, 'double z = 9.00>>2', 148, 0),
(581, 'int i = ^7', 148, 0),
(582, 'valueOf()', 149, 1),
(583, 'convert()', 149, 0),
(584, 'equals()', 149, 0),
(585, 'CompareTo()', 149, 0),
(586, 'Đối tượng thuộc lớp InetAddress', 150, 0),
(587, 'Đối tượng thuộc lớp InetAddress', 150, 0),
(588, 'Một chuỗi chứa địa chỉ cổng Port', 150, 0),
(589, 'Một số nguyên chứa địa chỉ cổng Port', 150, 1),
(590, 'so1', 151, 0),
(591, 'so2', 151, 0),
(592, 'so3', 151, 0),
(593, 'so4', 151, 1),
(594, 'Lỗi biên dịch', 152, 0),
(595, 'Lỗi thực thi', 152, 0),
(596, 'Mất độ chính xác', 152, 0),
(597, 'Không có lỗi', 152, 1),
(598, 'Lỗi Thực Thi', 153, 0),
(599, 'Lỗi Biên Dịch', 153, 1),
(600, 'Không Có Lỗi', 153, 0),
(601, 'Mất độ chính xác dữ liệu', 153, 0),
(602, 'Phương thức read() của lớp Socket', 154, 0),
(603, 'Phương thức read() của lớp InputStream', 154, 1),
(604, 'Phương thức receive() của lớp Socket', 154, 0),
(605, 'Phương thức receive() của lớp InputStream', 154, 0),
(606, 'Phương thức receive() của lớp InputStream', 155, 0),
(607, 'Phương thức receive() của lớp InputStream', 155, 1),
(608, 'DatagramSocket(\"localhost\")', 155, 0),
(609, 'DatagramSocket(\"localhost\",1234)', 155, 0);

-- --------------------------------------------------------

--
-- Cấu trúc bảng cho bảng `courses`
--

CREATE TABLE `courses` (
  `id` int(11) UNSIGNED NOT NULL,
  `name` text COLLATE utf8_unicode_ci NOT NULL
) ENGINE=InnoDB DEFAULT CHARSET=utf8 COLLATE=utf8_unicode_ci;

--
-- Đang đổ dữ liệu cho bảng `courses`
--

INSERT INTO `courses` (`id`, `name`) VALUES
(1, 'Toán'),
(2, 'Lập trình mạng'),
(3, 'Tiếng Anh');

-- --------------------------------------------------------

--
-- Cấu trúc bảng cho bảng `ques`
--

CREATE TABLE `ques` (
  `id` int(11) UNSIGNED NOT NULL,
  `content` text COLLATE utf8_unicode_ci NOT NULL,
  `id_course` int(10) UNSIGNED NOT NULL,
  `num_answer_right` int(11) NOT NULL
) ENGINE=InnoDB DEFAULT CHARSET=utf8 COLLATE=utf8_unicode_ci;

--
-- Đang đổ dữ liệu cho bảng `ques`
--

INSERT INTO `ques` (`id`, `content`, `id_course`, `num_answer_right`) VALUES
(1, '1+1=?', 1, 1),
(2, 'Chọn phát biểu đúng', 2, 1),
(3, 'Cho biết số byte mà đoạn chương trình sau ghi ra tập tin temp. txt\r\nimport java.io.*;\r\npublic class TestIOApp{ \r\n    public static void main(String args[]) throws IOException{\r\n        FileOutputStream outStream = new FileOutputStream(\"temp.txt\");\r\n        String s = \"test\";  \r\n        for (int i=0;i<s.length();i++)    \r\n            outStream.write(s.charAt(i));  \r\n        outStream.close();\r\n    }\r\n}\r\n', 2, 1),
(4, 'chọn phát biểu đúng', 2, 1),
(5, 'cho biết các tạo ra một thể hiện của InputStreamReader từ một thể hiện của InputStream ', 2, 1),
(6, 'Chọn phát biểu đúng :', 2, 1),
(7, 'Chọn phát biểu đúng :', 2, 1),
(8, 'Khi có nhiều component được gắn các bộ lắng nghe của cùng một loại sự kiện thì các component nào sẽ nhận được sự kiện đầu tiên?', 2, 1),
(9, 'Chọn các component có phát sinh action event', 2, 1),
(10, 'Chọn phát biểu đúng :', 2, 1),
(11, 'Giả sử chúng ta có thể hiện e của bộ lắng nghe sự kiện TextEvent và thể hiện t của lớp TextArea. Cho biết cách để gắn bộ lắng nghe e vào t?', 2, 1),
(12, 'Cho một component comp và một container cont có kiểu trình bày là BorderLayout. Cho biết cách để gắn comp vào vị trí đầu của cont.', 2, 1),
(13, 'Cho một component comp và một container cont có kiểu trình bày là FlowLayout. Cho biết cách để gắn comp vào cont.', 2, 1),
(14, 'Chọn phương thức dùng để xác định các trình bày của một khung chứa.', 2, 1),
(15, 'Chọn phương thức dùng để xác định vị trí và kích thước của các component', 2, 1),
(16, 'Chọn từ (ứng với A, B, C, hoặc D) được phát âm khác với những từ còn lại.\n', 3, 1),
(17, 'Chọn từ (ứng với A, B, C, hoặc D) được phát âm khác với những từ còn lại.', 3, 1),
(18, 'Chọn từ (ứng với A, B, C, hoặc D) được phát âm khác với những từ còn lại.', 3, 1),
(19, 'Chọn từ (ứng với A, B, C, hoặc D) được phát âm khác với những từ còn lại.', 3, 1),
(20, 'Chọn từ (ứng với A, B, C, hoặc D) được phát âm khác với những từ còn lại.', 3, 1),
(21, 'Chọn phương án đúng (ứng với A, B, C, hoặc D) để hoàn thành mỗi câu sau.\r\nThese students ______ to take part in the English Speaking Contest three weeks ago. ', 3, 1),
(22, 'Chọn phương án đúng (ứng với A, B, C, hoặc D) để hoàn thành mỗi câu sau.\r\n Members of my family share the ______.', 3, 1),
(23, 'Chọn phương án đúng (ứng với A, B, C, hoặc D) để hoàn thành mỗi câu sau.\r\n I hate having to ask my mum and dad ______ money. ', 3, 1),
(24, 'Chọn phương án đúng (ứng với A, B, C, hoặc D) để hoàn thành mỗi câu sau.\r\nMy teeth hurt, ______ I made an appointment to see the dentist. ', 3, 1),
(25, 'Chọn phương án đúng (ứng với A, B, C, hoặc D) để hoàn thành mỗi câu sau.\r\n I had to answer the questions quickly as I was running out ______ time. ', 3, 1),
(26, 'Chọn phương án đúng (ứng với A, B, C, hoặc D) để hoàn thành mỗi câu sau.\r\n Sam: “How long does it take you to get to school?” ', 3, 1),
(27, 'Chọn phương án đúng (ứng với A, B, C, hoặc D) để hoàn thành mỗi câu sau.\r\nTim’s doctor advised him to ______ smoking because of his health. ', 3, 1),
(28, 'Chọn phương án đúng (ứng với A, B, C, hoặc D) để hoàn thành mỗi câu sau.\r\n I hope that our economic situation ______ better next year. ', 3, 1),
(29, 'Chọn phương án đúng (ứng với A, B, C, hoặc D) để hoàn thành mỗi câu sau.\r\n Bill: “______”\r\n Bruce: “I’ve got a slight headache.” ', 3, 1),
(30, 'Chọn phương án đúng (ứng với A, B, C, hoặc D) để hoàn thành mỗi câu sau.\r\n Jane ______ a letter to apply for the job at present. ', 3, 1),
(31, 'Chọn phương án đúng (ứng với A, B, C, hoặc D) để hoàn thành mỗi câu sau.\r\nNancy can speak French ______ than Jimmy. ', 3, 1),
(32, 'Chọn phương án đúng (ứng với A, B, C, hoặc D) để hoàn thành mỗi câu sau.\r\nThe rate of ______ in a big city is usually higher than that in a small town. ', 3, 1),
(33, 'Chọn phương án đúng (ứng với A, B, C, hoặc D) để hoàn thành mỗi câu sau.\r\n Sheila is very fond of ______ jokes to her colleagues. ', 3, 1),
(34, 'Chọn phương án đúng (ứng với A, B, C, hoặc D) để hoàn thành mỗi câu sau.\r\n It is important ______ the instructions on medicines carefully. ', 3, 1),
(35, 'Chọn phương án đúng (ứng với A, B, C, hoặc D) để hoàn thành mỗi câu sau.\r\nIf I were you, I ______ part in this competition. ', 3, 1),
(36, 'The house was burgled while the family was________in a card game.', 3, 1),
(37, 'I am sorry that I can’t_______your invitation.', 3, 1),
(38, '________what he says, he wasn’t even there when the crime was committed.', 3, 1),
(39, 'he has impressed his employers considerably and_______he is soon to be promoted.', 3, 1),
(40, 'He gave his listeners a vivid____of his journey through Peru.', 3, 1),
(41, 'Will you be taking my precious experience into_____when you fix my salary?', 3, 1),
(42, 'Will you be taking my precious experience into_____when you fix my salary?', 3, 1),
(43, 'His stomach began to_____because of the bad food he had eaten.', 3, 1),
(44, 'If you____money to mine, we shall have enough.', 3, 1),
(45, 'he was full of___for her bravery.', 3, 1),
(46, 'This ticket_____one person to the show.', 3, 1),
(47, 'The cow had lost its own calf. but the farmer persuaded it to____one whose mother had died.', 3, 1),
(48, 'If we____the plan you suggest, we are more likely to be successful.', 3, 1),
(49, 'Science has made great____during the past 30 years.', 3, 1),
(50, 'He was a much older tennis player but he had the great____of experience.', 3, 1),
(51, 'I had quite____on my way to work this morning.', 3, 1),
(52, 'He always studies the____in the paper as he wants to find a good second-hand car.', 3, 1),
(53, 'On my present salary, I just can’t____a car which costs over $3.000.', 3, 1),
(54, 'The girl’s father____to buy her a car if she passed her examination.', 3, 1),
(55, 'They are twins and look very____.', 3, 1),
(56, 'As a result of their____the three small independent countries felt less afraid of their powerful neighbour.', 3, 1),
(57, 'When he was a student, his father gave him a monthly____towards his expenses.', 3, 1),
(58, 'Is anyone_____to fish in this river?', 3, 1),
(59, 'His_____had always been to become an architect.', 3, 1),
(60, 'The_____of ice-cream sold increases sharply in the summer months.', 3, 1),
(61, 'If you are bitten by a poisonous snake. it is necessary to be given an____as quickly as possible.', 3, 1),
(62, 'I’ m____to get the tickets for the show today, as there are hardly any left.', 3, 1),
(63, 'ild was told to_____for being rude to his uncle.', 3, 1),
(64, 'He is____a very old man but in fact he is only fifty.', 3, 1),
(65, 'As a result of the radio_____for help for the earthquake victims, over a million pounds has been raised.', 3, 1),
(66, 'Let me know if any difficultie___	.', 3, 1),
(67, 'Could you please_____an appointment for me to see Mr. Smith?', 3, 1),
(68, 'The police____her for helping the murderer to escape.', 3, 1),
(69, 'When John____in London he went to see the Houses of Parliament.', 3, 1),
(70, 'I read an interesting____in a newspaper about farming today.', 3, 1),
(71, 'Students are expected to____their classes regularly.', 3, 1),
(72, 'Before you sign anything important, pay careful_____to all the conditions.', 3, 1),
(73, 'In the central region the dry season is long and severe, and the_____annual rainfall is only about 70 cm.', 3, 1),
(74, 'The bicycle was moving so fast that its rider could not____an accident.', 3, 1),
(75, 'As soon as the children were____, their mother got them out of bed and into the bathroom.', 3, 1),
(76, 'This____is not big enough to cut down a tree.', 3, 1),
(77, 'In the market, the merchants___and joked with their friends and neighbours.', 3, 1),
(78, 'He couldn’t____the thought of leaving his home town for ever.', 3, 1),
(79, 'The room was so quiet that she could hear the_____of her heart.', 3, 1),
(80, 'Through a mixture of greed and intelligence, he has____the biggest landowner in the whole district.', 3, 1),
(81, 'The damage done to my house by the fire has now_____.', 3, 1),
(82, 'The children will not be allowed to come with us if they don’t____themselves better.', 3, 1),
(83, 'He has adopted three orphans____his own six children so that, all together, he has nine children to provide for.', 3, 1),
(84, 'The two scientists disagreed and____argument developed.', 3, 1),
(85, 'The weather was_____the exceptionally poor harvest.', 3, 1),
(86, 'If you are so senseless as to go on long walks in tight fitting shoes, you must expect to get_____.', 3, 1),
(87, 'After lunch I felt____enough to ask my boss for rise.', 3, 1),
(88, 'It is a very popular play, and it would be wise____seats well in advance.', 3, 1),
(89, 'She began to feel nervous when the train pulled up at the_____between Austria and Yugoslavia.', 3, 1),
(90, 'When the bill came, he had to____money from his brother to pay it.', 3, 1),
(91, 'The toy boat turned over and sank to the_____of the pool.', 3, 1),
(92, 'The ball____two or three times before rolling down the slope.', 3, 1),
(93, 'The bus ran over the cliff because its____failed.', 3, 1),
(94, 'The____of the bank where he worked was not in the centre of the city.', 3, 1),
(95, 'Large waves were____on the seashore.', 3, 1),
(96, '_____ up children properly is mainly their parents’ duty.', 3, 1),
(97, 'Several prisoners____from their guards and escaped.', 3, 1),
(98, 'The specialist was under so much stress that he finally_____.', 3, 1),
(99, 'Well-mannered children have usually been properly____by their parents.', 3, 1),
(100, 'The audience waited until the curtain had risen and then___into applause', 3, 1),
(101, 'When she heard from the hospital the father had died, she____into tears.', 3, 1),
(102, 'If you put too many potatoes in that paper-bag it will____.', 3, 1),
(103, 'Every day thousands of____fly the Atlantic for negotiations withAmerican firms.', 3, 1),
(104, 'As there was a power cut in the hospital, the surgeon had to____the operation.', 3, 1),
(105, 'The book___two weeks ago.', 3, 1),
(106, 'The country has a system of___, most of which date from the nineteenth century.', 3, 1),
(107, 'As we wait no longer for the delivery of your order, we have to___it.', 3, 1),
(108, 'He’s not____of learning German in six months.', 3, 1),
(109, 'Bill doesn’t_____what people say about him.', 3, 1),
(110, 'Do you mind if I___with my work while you are getting tea ready?', 3, 1),
(111, 'He spoke so quickly that I didn’t____what he said.', 3, 1),
(112, 'The flat we have rented is very____for the underground station.', 3, 1),
(113, 'It isn’t quite____that he will be present at the meeting.', 3, 1),
(114, 'If your bicycle_____comes off, it is almost impossible te put it back on without getting oil on your hands.', 3, 1),
(115, 'If you ever have the____to go abroad to work, you should take it.', 3, 1),
(116, 'Câu lệnh khai báo biến : int i,j và float x,y; các phép gán dưới đây phép gán nào sai :', 2, 1),
(117, 'Cho đoạn mã sau :\r\n	static int i;\r\n	public static void main(String args[])\r\n	{\r\n		System.out.println( i );\r\n	}\r\nHãy cho biết kết quả sau khi biên dịch và thực thi đoạn lệnh trên?\r\n', 2, 1),
(118, 'Cho đoạn mã sau :\r\n	int anar[]=new int[5]; \r\n	System.out.println(anar[0]);\r\nSau khi thực hiện đoan lệnh trên, có kết quả ra sao?\r\n', 2, 1),
(119, 'Phương thức getHostName() của đối tượng InetAddress trả về dữ liệu kiểu nào sau đây?', 2, 1),
(120, 'Phương thức getAddress() của đối tượng InetAddress trả về kiểu dữ liệu nào sau đây?', 2, 1),
(121, 'Để khai báo chuỗi, hay cho biết khai báo nào sau đây bị lỗi?', 2, 1),
(122, 'Cho đoạn mã lệnh sau :\r\n	int i = 5, sum = 0;\r\n	while(i>0)\r\n	{\r\n		i--;\r\n		sum = sum + i;\r\n	}\r\nHãy cho biết giá trị của sum sau khi thực hiện xong đoạn lệnh trên?\r\n', 2, 1),
(123, 'Cho chương trình sau :\r\npublic class TBT\r\n{\r\n	public void method(Object o)\r\n	{\r\n		System.out.println(\"Object Verion\");\r\n	}\r\n	public void method(String s)\r\n	{\r\n		System.out.println(\"String Version\");\r\n	}\r\n	public static void main(String args[])\r\n	{\r\n		TBT question = new TBT();\r\n		question.method(null);\r\n	}\r\n}\r\nCho biết kết quả sau khi thực thi chương trình trên?\r\n', 2, 1),
(124, 'Cho đoạn mã sau đây :\r\n	String s1[] = new String[5];\r\n	String str = s1[0].toUpperCase(); \r\n	System.out.println(str);\r\nHãy cho biết kết quả khi thực thi đoạn lệnh trên ?\r\n', 2, 1),
(125, 'Cho đoạn mã sau đây :\r\n	final int i = 100;\r\n	byte b = i; \r\n	System.out.println(b);\r\nHãy cho biết kết quả khi thực thi\r\n', 2, 1),
(126, 'Cho chương trình sau đây :\r\nclass  tbt\r\n{\r\n	public static void main(String args[])\r\n	{\r\n		System.out.println(\"In first main()\");\r\n	}\r\n	public static void main(char args[])\r\n	{\r\n		System.out.println(\'a\');\r\n	}\r\n}\r\nHãy cho biết kết quả sau khi thực thi chương trình ?\r\n', 2, 1),
(127, 'Cho đoạn lệnh sau đây :\r\n	if(\"String\".toString() == \"String\") \r\n		System.out.println(\"Equal\");\r\n	else\r\n		System.out.println(\"Not Equal\");\r\nCho biết kết quả khi thực thi chương trình ?\r\n', 2, 1),
(128, 'Để chuyển đổi một chuỗi số sang dạng số thực, ta sử dụng phương thức nào sau đây', 2, 1),
(129, 'Trong lập trình Socket TCP/IP, khi không kết nối được đến máy chủ thì đối tượng Socket sẽ phát sinh ngoại lệ nào?\r\n', 2, 1),
(130, 'Cho đoạn mã sau đây :\r\n	int a = 6, b = 2;\r\n	System.out.println((a>b)?10:9.0);\r\nSau khi thực hiện, kết quả in lên màn hình là bao nhiêu?\r\n', 2, 1),
(131, 'Cho đoạn mã sau đây :\r\n	int a = 6, b = 7;\r\n	System.out.println((a>b)?10:9);\r\nSau khi thực hiện, kết quả in lên màn hình là bao nhiêu?\r\n', 2, 1),
(132, 'Phương thức getData() của lớp DatagramPacket trả về dữ liệu thuộc kiểu mảng các byte dữ liệu, đúng hay sai?', 2, 1),
(133, 'Phương thức getData() của lớp DatagramPacket trả về dữ liệu thuộc kiểu chuỗi, đúng hay sai?', 2, 1),
(134, 'Phương thức getData() của lớp DatagramPacket trả về dữ liệu thuộc kiểu nào sau đây?', 2, 1),
(135, 'Phương thức send() của lớp DatagramSocket có thể gây ra Exception nào?', 2, 1),
(136, 'Phát biểu sau đây đúng hay sai?\r\nTa sử dụng phương thức getAddress() của đối tượng InetAddress để lấy ra địa chỉ IP của máy kết nối dưới dạng chuỗi?\r\n', 2, 1),
(137, 'Lớp Bao (Wrapper Class) nằm trong gói package nào?', 2, 1),
(138, 'Phương thức getHostAddress() của đối tượng InetAddress trả về dữ liệu thuộc kiểu gì?', 2, 1),
(139, 'Phương thức receive() của lớp DatagramSocket có thể gây ra Exception nào?', 2, 1),
(140, 'Phương thức receive() của lớp DatagramSocket có thể gây ra Exception nào?', 2, 1),
(141, 'Đoạn mã nào sau đây được đặt trong lớp XL để khai báo lớp XL thuộc package : VN.HN.TH?', 2, 1),
(142, 'Cho đoạn mã sau :\r\n	int []a = {1,2,3,4,5,6,7,8};\r\n	for (int i = 0; i < M ; i++ )\r\n	{\r\n		System.out.println(String.valueOf(a[i]));\r\n	}\r\ngiá trị M là bao nhiêu để đoạn mã in ra tất cả các giá trị của mảng\r\n', 2, 1),
(143, 'Cho đoạn mã sau :\r\ntry{\r\n	int i = Integer.parseInt(\"one\");\r\n}\r\nKhối lệnh trên sẽ phát sinh Exception gì?\r\n', 2, 1),
(144, 'Khai báo nào sau đây sẽ không gây ra lỗi biên dịch?', 2, 1),
(145, 'Phát biểu nào sau đây là đúng?', 2, 1),
(146, 'Phát biểu nào sau đây là đúng?', 2, 1),
(147, 'Để chuyển đổi kiểu dữ liệu số nguyên (int) thành một chuỗi chứa giá trị nguyên (String) thì sử dụng phương thức nào?', 2, 1),
(148, 'Phương thức getPort() của lớp DatagramPacket trả về?', 2, 1),
(149, 'Cho đoạn mã sau : \r\n	String st1[]={\"so1\",\"so2\",\"so3\"};\r\n	String st2[] = st1;\r\n	st2[2] = \"so4\";\r\n\r\nHãy cho biết kết quả của st1[2] khi thực thi đoạn lệnh trên?\r\n', 2, 1),
(150, 'Cho đoạn mã sau :\r\n	short s = 9;\r\n	int i = 10;\r\n	i = s;\r\nPhát biểu nào sau đây đúng với đoạn mã trên?\r\n', 2, 1),
(151, 'Cho đoạn mã sau :\r\n	short s = 9;\r\n	int i = 10;\r\n	s = i;\r\nPhát biểu nào sau đây đúng với đoạn mã trên?\r\n', 2, 1),
(152, 'Trong lập trình Socket TCP, phương thức nào dùng để nhận dữ liệu từ Server gửi về Client', 2, 1),
(153, 'Trong lập trình UDP, Server muốn tạo một DatagramSocket để cho phép Client kết nối. Ta sử dụng câu lệnh nào sau đây', 2, 1),
(154, 'Trong lập trình Socket UDP, gói dữ liệu gửi từ Server về Client ngoài dữ liệu gửi cần phải có thêm thông tin gì?', 2, 1),
(155, 'Để tạo một RMI Registry cục bộ có thể dùng câu lệnh nào sau đây?', 2, 1);

--
-- Chỉ mục cho các bảng đã đổ
--

--
-- Chỉ mục cho bảng `answers`
--
ALTER TABLE `answers`
  ADD PRIMARY KEY (`id`),
  ADD KEY `foreign_key_id_ques` (`id_ques`);

--
-- Chỉ mục cho bảng `courses`
--
ALTER TABLE `courses`
  ADD PRIMARY KEY (`id`);

--
-- Chỉ mục cho bảng `ques`
--
ALTER TABLE `ques`
  ADD PRIMARY KEY (`id`),
  ADD KEY `foreign_key_id_course` (`id_course`);

--
-- AUTO_INCREMENT cho các bảng đã đổ
--

--
-- AUTO_INCREMENT cho bảng `answers`
--
ALTER TABLE `answers`
  MODIFY `id` int(10) UNSIGNED NOT NULL AUTO_INCREMENT, AUTO_INCREMENT=610;
--
-- AUTO_INCREMENT cho bảng `courses`
--
ALTER TABLE `courses`
  MODIFY `id` int(11) UNSIGNED NOT NULL AUTO_INCREMENT, AUTO_INCREMENT=4;
--
-- AUTO_INCREMENT cho bảng `ques`
--
ALTER TABLE `ques`
  MODIFY `id` int(11) UNSIGNED NOT NULL AUTO_INCREMENT, AUTO_INCREMENT=156;
--
-- Các ràng buộc cho các bảng đã đổ
--

--
-- Các ràng buộc cho bảng `answers`
--
ALTER TABLE `answers`
  ADD CONSTRAINT `foreign_key_id_ques` FOREIGN KEY (`id_ques`) REFERENCES `ques` (`id`) ON DELETE CASCADE;

--
-- Các ràng buộc cho bảng `ques`
--
ALTER TABLE `ques`
  ADD CONSTRAINT `foreign_key_id_course` FOREIGN KEY (`id_course`) REFERENCES `courses` (`id`) ON DELETE CASCADE;

/*!40101 SET CHARACTER_SET_CLIENT=@OLD_CHARACTER_SET_CLIENT */;
/*!40101 SET CHARACTER_SET_RESULTS=@OLD_CHARACTER_SET_RESULTS */;
/*!40101 SET COLLATION_CONNECTION=@OLD_COLLATION_CONNECTION */;
